{
  "fp32": {
    "accuracy": 91.92,
    "ai": 29.84938535980294,
    "bytes": 2734608,
    "flops": 81626368,
    "model_size_mb": 2.6079254150390625
  },
  "int8": {
    "accuracy": 91.96,
    "ai": 42.302879916250774,
    "bytes": 1929570.0,
    "flops": 81626368,
    "model_size_mb": 1.8401813507080078
  },
  "int4": {
    "accuracy": 89.94,
    "ai": 45.464244398314136,
    "bytes": 1795397.0,
    "flops": 81626368,
    "model_size_mb": 1.712224006652832
  }
}