{
  "fp32": {
    "accuracy": 91.92,
    "latency_ms": 2.0185735702514647,
    "throughput": 495.3993328444425
  },
  "random": {
    "accuracy": 91.9,
    "latency_ms": 1.9297544002532958,
    "throughput": 518.2006580053617,
    "speedup": 1.0460261523365413,
    "selected_layers": [
      "layer1.1.conv1",
      "conv1",
      "layer2.0.conv2",
      "layer2.0.conv1",
      "layer3.1.conv2",
      "layer1.0.conv2",
      "layer2.2.conv1",
      "layer1.0.conv1",
      "layer2.1.conv2",
      "layer3.2.conv1",
      "layer2.2.conv2",
      "layer1.2.conv2"
    ]
  },
  "aiaware": {
    "accuracy": 91.91,
    "latency_ms": 2.128175067901611,
    "throughput": 469.88615508309846,
    "speedup": 0.9484997736778236,
    "selected_layers": [
      "layer3.1.conv2",
      "layer3.2.conv2",
      "layer3.2.conv1",
      "layer3.1.conv1",
      "layer3.0.conv2",
      "layer3.0.conv1",
      "layer2.2.conv1",
      "layer2.1.conv2",
      "layer2.1.conv1",
      "layer2.2.conv2",
      "layer2.0.conv2",
      "layer2.0.conv1"
    ]
  }
}