{
  "FP32": {
    "accuracy": 91.92,
    "ai": 29.84938535980294,
    "model_size_mb": 2.6079254150390625,
    "throughput_mean": 1203.4544742217165,
    "throughput_std": 49.57524006702415,
    "throughput_median": 1204.1900322900337,
    "throughput_min": 1136.8904013425733,
    "throughput_max": 1282.0828209241618,
    "latency_ms": 0.8309412789766791,
    "batch_size": 128,
    "device": "cpu"
  },
  "INT8": {
    "accuracy": 91.96,
    "ai": 42.302879916250774,
    "model_size_mb": 1.8401813507080078,
    "throughput_mean": 1119.0366811834097,
    "throughput_std": 55.19391428880037,
    "throughput_median": 1149.911809793982,
    "throughput_min": 1045.7179222038765,
    "throughput_max": 1179.2433361426354,
    "latency_ms": 0.8936257558085359,
    "batch_size": 128,
    "device": "cpu"
  },
  "INT4": {
    "accuracy": 89.94,
    "ai": 45.464244398314136,
    "model_size_mb": 1.712224006652832,
    "throughput_mean": 1099.708632332799,
    "throughput_std": 107.45886243387415,
    "throughput_median": 1121.997793438043,
    "throughput_min": 905.3628793300147,
    "throughput_max": 1208.6375599011808,
    "latency_ms": 0.9093317726157262,
    "batch_size": 128,
    "device": "cpu"
  },
  "AI-Aware": {
    "accuracy": 91.02,
    "ai": 45.24662977153399,
    "config": {
      "4-bit": 12,
      "8-bit": 8,
      "32-bit": 0
    },
    "throughput_mean": 1015.4600175296,
    "throughput_std": 114.16172807309111,
    "throughput_median": 1017.2509876623071,
    "throughput_min": 858.2505918177462,
    "throughput_max": 1147.8625332667527,
    "latency_ms": 0.9847753557375789,
    "batch_size": 128,
    "device": "cpu"
  }
}